{"cameraMode":{"drawMode":0,"name":"Shaded","section":"Shading Mode"},"sceneLighting":false,"audioPlay":false,"sceneViewState":{"showFog":true,"showMaterialUpdate":false,"showSkybox":true,"showFlares":true,"showImageEffects":true,"showParticleSystems":true},"in2DMode":false,"pivot":{"x":0.08000004291534424,"y":0.559999942779541,"z":0.0},"rotation":{"x":-0.0033035643864423038,"y":0.0605597086250782,"z":-0.0002004901907639578,"w":-0.9981591701507568},"size":8.104562759399414,"orthographic":false}